mindex,n,predictors,rsquare,adjr,predrsq,cp,aic,sbic,sbc,msep,fpe,apc,hsp
1,1,accelrate,0.49877708131135323,0.49514503117592823,0.48135951678043243,133.85124093609505,3104.6904902095266,2704.9998198566445,3113.5154174773547,34069182880.889122,246827385.83914557,0.5157511192303467,1776284.2612049133
2,1,carclass_id,0.4549536615951057,0.430365104975336,0.42376371385278755,157.4451424748209,3126.425271454788,2716.4839777558677,3149.958410835662,37047953493.94293,278498778.27128947,0.5608447829963404,2004206.2793245877
3,1,mpg_rec,0.3725491112072339,0.36800236563627176,0.3470928640248827,201.81057221041021,3136.1365136944287,2735.805681811497,3144.961440962257,42649165235.67057,308988389.89318323,0.6456378710766143,2223623.6550347307
4,1,mpg,0.28787197141797477,0.2827116233847716,0.2620296841591727,247.39953153181165,3153.859436758472,2753.2112067477815,3162.6843640263,48404849690.12174,350687674.3337297,0.7327694207148375,2523711.0314959474
5,1,mpg2,0.2160515518884417,0.21037076603256089,0.1829510918698639,286.06661679858615,3167.311414116508,2766.442182995303,3176.136341384336,53286635650.6193,386055662.7902937,0.8066715915350816,2778235.46780308
6,1,mpgmpge,0.15328910898223252,0.14715352281543714,0.12513239554166322,319.8570171791841,3178.093659749715,2777.059143365275,3186.918587017543,57552731764.13571,416963047.7756983,0.8712532356849491,3000659.334255051
7,1,I(factor(same_mpg)),0.012635558098830385,0.005480743302445079,-0.0043982748816842054,395.58287454272545,3199.608847130437,2798.274251355974,3208.433774398265,67113251383.690025,486227933.6759165,1.0159837010867105,3499121.554159983
8,2,accelrate carclass_id,0.6493325837017768,0.6307365843526287,0.6134248869183563,54.79431469635463,3066.6807111948656,2657.6936132934757,3093.1554929983495,24010868468.437542,181807035.0335662,0.3660251133623789,1308771.334054878
9,2,carclass_id mpg_rec,0.6123864440422145,0.5918311797111199,0.5675396505225527,74.68558714857147,3080.7045967539743,2671.2103427940606,3107.179378557458,26540641291.77805,200962131.2736132,0.4045893321311191,1446662.8125414362
10,2,accelrate mpg_rec,0.5910583861148432,0.5850884355471766,0.5681867325067266,86.16830807744668,3078.2034922166654,2678.4507950462153,3089.9700619071027,28001014197.214497,204281924.87484834,0.42685146558815634,1470560.956524001
11,2,mpg accelrate,0.5399588175874298,0.5332428879171733,0.5153875891186017,113.67958392751865,3094.687599008845,2694.398266939567,3106.4541686992825,31499899356.428104,229808107.2554601,0.48018897142333966,1654315.8687661672
12,2,mpg carclass_id,0.5207823049692936,0.4953692453843319,0.4749133736797827,124.0039436762101,3110.4050533879504,2699.9396488226084,3136.8798351914343,32812951840.79642,248455214.88388696,0.5002053313094235,1788550.497930079
13,2,accelrate mpg2,0.5178030333711775,0.5107636615955742,0.4919073675174581,125.60794083567902,3101.2727317695753,2700.78105523697,3113.0393014600127,33016948263.47312,240875766.04373607,0.5033150819556322,1733988.443342403
14,2,accelrate mpgmpge,0.5115182685721227,0.5043871484052924,0.4891877120766337,128.99156819344944,3103.085647554743,2702.539458631516,3114.8522172451803,33447278125.706,244015245.63432908,0.5098750919283682,1756588.5638012174
15,2,accelrate I(factor(same_mpg)),0.49909897558986427,0.49178655187584774,0.47874382167647245,135.6779376666961,3106.600550834559,2705.9501310953815,3118.367120524996,34297650861.83268,250219155.89891982,0.5228382955521854,1801248.551308555
16,2,carclass_id mpg2,0.4856611286648548,0.458385582457688,0.4411617454664084,142.9126819950489,3120.3068836012635,2709.548628420535,3146.7816654047474,35217765933.89003,266664140.58963564,0.536864661320626,1919630.7940430373
17,2,mpgmpge carclass_id,0.4760380538767342,0.4482521930974701,0.435696115542725,148.0936076398482,3122.9020256339377,2712.0695220879816,3149.3768074374216,35876676263.907684,271653320.11935437,0.5469091846396132,1955546.3192466893
18,2,carclass_id I(factor(same_mpg)),0.4585929588179199,0.42988197936129435,0.42094016847967686,157.48579697186375,3127.4873508290098,2716.5261679381724,3153.9621326324936,37071175277.526764,280697904.4209208,0.5651182984601274,2020655.4205537285
19,2,mpg mpg2,0.4007851595578403,0.3920374976535751,0.3689275593840169,188.60868817350763,3131.690185123,2730.350372056925,3143.4567548134373,41029385821.11255,299330654.7019096,0.625457826154955,2154786.695715104
20,2,mpg2 mpg_rec,0.38832936993064104,0.3793998716814533,0.3508504241850532,195.3147069176876,3134.570510471268,2733.1575107904932,3146.337080161705,41882257552.29975,305552796.4318902,0.6384591248169221,2199577.9257746106
21,2,mpg mpg_rec,0.3843740195335119,0.3753867789427603,0.34201046718956063,197.4442109232005,3135.472901903029,2734.037218069154,3147.2394715934665,42153087956.60307,307528644.73209995,0.642587702238743,2213801.4326662896
22,2,mpgmpge mpg_rec,0.3733526564974153,0.36420452009591764,0.3427631992989165,203.37795493450608,3137.9571077226738,2736.4595754582197,3149.723677413111,42907741756.480385,313034235.69988686,0.6540917527070775,2253434.440455788
23,2,mpg_rec I(factor(same_mpg)),0.3733228793052771,0.36417430820024466,0.3421531411166412,203.39398654828608,3137.9637601211857,2736.466063409465,3149.730329811623,42909780657.75995,313049110.54245806,0.6541228340098203,2253541.5197420884
24,2,mpg I(factor(same_mpg)),0.2914712523593724,0.28112776699235587,0.25955547571320925,247.46173022165823,3155.1500459775675,2753.2479579698593,3166.916615668005,48514318054.68289,353937118.36291707,0.739559203741677,2547881.3539082888
25,2,mpg mpgmpge,0.28908669267263165,0.27870839621529786,0.258896299287535,248.74554300547248,3155.6204261090056,2753.70783196875,3167.386995799443,48677593415.70126,355128296.82518816,0.7420481966993698,2556456.2708518277
26,2,mpgmpge I(factor(same_mpg)),0.23589066995700866,0.2247357892264541,0.17445353379352257,277.38551976517977,3165.722880615534,2763.5915987940075,3177.4894503059713,52320026801.5924,381701737.9890541,0.7975739722346551,2747750.067794507
27,2,mpgmpge mpg2,0.2299405498945422,0.21869880609738224,0.19328716137570456,280.58897918953363,3166.808838036001,2764.6548264180915,3178.5754077264382,52727442898.87185,384674049.77715796,0.8037846814969377,2769146.800123515
28,2,mpg2 I(factor(same_mpg)),0.22251248081646544,0.21116229805466202,0.18458353321350862,284.5881451967914,3168.152820064336,2765.970883275427,3179.9193897547734,53236056991.08194,388384653.43755984,0.8115380674689447,2795858.2620967906
29,3,accelrate carclass_id mpg_rec,0.7134425993006503,0.6959429107083237,0.6743247932624088,22.27840047788476,3040.414798724046,2632.354481974625,3069.831222950139,19766474849.157726,150749538.0803069,0.3034137183875467,1085644.8215659964
30,3,mpg accelrate carclass_id,0.6627541924427317,0.6421590286224405,0.6204879461053785,49.56831277373456,3063.217046189449,2653.9779067392337,3092.633470415542,23262916109.63709,177415238.91793755,0.3570837962371076,1277681.7617546944
31,3,mpg carclass_id mpg_rec,0.6527587248275198,0.6315531507711851,0.5969154861909333,54.94972938325117,3067.3061370800706,2657.8681249517085,3096.7225613061637,23952394583.1976,182673564.55256587,0.3676672325355672,1315550.3620040754
32,3,carclass_id mpg2 mpg_rec,0.6519066600936311,0.6306490515497307,0.5958582447778341,55.408468832754664,3067.649249934993,2658.1947250910603,3097.065674161086,24011169251.348427,183121811.09840545,0.36856941872439064,1318778.474988517
33,3,accelrate carclass_id mpg2,0.6518591896098361,0.6305986821050933,0.6105428121503476,55.434026261360344,3067.668340833475,2658.2128980110538,3097.0847650595683,24014443723.13565,183146783.9432424,0.3686196815895853,1318958.3205789062
34,3,accelrate mpgmpge carclass_id,0.6500595186759177,0.6286891076026913,0.6109167276229566,56.402943317398154,3068.390189397306,2658.900098161202,3097.8066136233992,24138583424.868153,184093538.62946805,0.37052521551961654,1325776.512763659
35,3,accelrate carclass_id I(factor(same_mpg)),0.6493441516384156,0.6279300540285478,0.609063517652005,56.78808668494361,3068.676092750815,2659.172311352117,3098.092516976908,24187928807.399506,184469872.48159724,0.3712826629710893,1328486.735978581
36,3,mpg carclass_id mpg2,0.6322530044027722,0.609795172610575,0.5681411325717141,65.98971557818442,3075.3386838309093,2665.521181907168,3104.7551080570024,25366860955.555912,193461029.38331333,0.3893791718088294,1393237.8659292113
37,3,accelrate mpg2 mpg_rec,0.6297933010287362,0.6216269767867231,0.5999435279381752,67.3139846470348,3066.2719666375738,2666.411331455142,3080.9801787506203,25536529108.465633,187594897.4066964,0.3919835636166323,1350992.059513246
38,3,mpg accelrate mpg_rec,0.6293653204993808,0.6211895555103966,0.598806544748216,67.54440323452718,3066.4337213195245,2666.5656306242045,3081.141933432571,25566050825.05291,187811768.04604355,0.3924367194712439,1352553.885105252
39,3,mpg accelrate mpg2,0.6215016170973515,0.6131523880627343,0.5872654352625183,71.77810852267095,3069.373009332299,2669.370483595164,3084.0812214453454,26108482097.59411,191796543.67825022,0.4007629936616278,1381250.8289585924
40,3,mpgmpge carclass_id mpg_rec,0.6146519206011564,0.5911192134622956,0.5646386934430536,75.46588701526238,3081.8839412080224,2671.7681323631286,3111.3003654341155,26580968074.87466,202720449.12375897,0.4080156134811286,1459920.929903614
41,3,carclass_id mpg_rec I(factor(same_mpg)),0.6130957457715429,0.5894680050553012,0.5624399739333603,76.30370925607971,3082.4481732900817,2672.3071059131566,3111.864597516175,26688311631.716595,203539107.57112032,0.40966332800660166,1465816.6183105374
42,3,accelrate mpgmpge mpg_rec,0.5984042714609255,0.5895455421549165,0.5727985860825224,84.2133886144643,3077.6657877743187,2677.2945656597526,3092.3739998873652,27701716473.98953,203500665.1786791,0.4252190066884319,1465539.7698053024
43,3,accelrate mpg_rec I(factor(same_mpg)),0.5911211053480557,0.5821017179660275,0.5639212991655134,88.13454094054632,3080.18201881859,2679.7019983418663,3094.890230931637,28204102800.222713,207191265.0612214,0.43293059433735276,1492118.1640211418
44,3,mpg accelrate mpgmpge,0.5401020937108049,0.5299572869544256,0.513662409398961,115.60244611468593,3096.6439903445735,2695.4868660727634,3111.35220245762,31723348884.58634,233044136.66099775,0.4869507243062066,1678301.3957067742
45,3,mpg accelrate I(factor(same_mpg)),0.5400779253637638,0.5299325854820821,0.5113371754802982,115.61545800659516,3096.651347368027,2695.4939337471806,3111.3595594810736,31725015995.687878,233056383.49120438,0.48697631432072075,1678389.593043653
46,3,accelrate mpgmpge I(factor(same_mpg)),0.524268238002815,0.513774155017583,0.4833691149417191,124.12716725629502,3101.3829410890457,2700.04184278684,3116.0911532020923,32815554180.465424,241067628.7948431,0.5037159832911371,1736083.7464649195
47,3,mpg carclass_id I(factor(same_mpg)),0.523136154420012,0.49401469820138677,0.4714260197622333,124.73666484364003,3111.715698819497,2700.361862581364,3141.13212304559,32893644299.97378,250864239.6704471,0.5049146600258696,1806635.4708777056
48,3,mpg mpgmpge carclass_id,0.5211987426660345,0.49195897122579224,0.4710341897504229,125.7797395844816,3112.283341221251,2700.9078299724465,3141.699765447344,33027285241.069702,251883455.8074957,0.50696603717714,1813975.5047864919
49,3,accelrate mpgmpge mpg2,0.5195951669882343,0.5089980015541513,0.4919333938691043,126.64308176309049,3102.751438340939,2701.358104571139,3117.4596504539854,33137898466.296494,243435614.78750753,0.5086639408359872,1753137.143531433
50,3,accelrate mpg2 I(factor(same_mpg)),0.5181025496926569,0.5074724588770538,0.4885583113540166,127.4466855378501,3103.1857438447005,2701.7759156575785,3117.893955957747,33240857880.92142,244191968.97885352,0.5102443591489515,1758584.1387365996
51,3,mpgmpge carclass_id mpg2,0.4908406164888655,0.4597469136790251,0.4415037835893858,142.12411993092883,3120.8899110132656,2709.1940675231754,3150.3063352393588,35121361806.82609,267853985.57578272,0.5391099354823777,1928989.6080560486
52,3,mpgmpge carclass_id I(factor(same_mpg)),0.49063375814716004,0.4595274227668339,0.4168055860572726,142.2354894994897,3120.946777855917,2709.248869100159,3150.36320208201,35135630711.41092,267962807.75027215,0.5393289619618306,1929773.3068435239
53,3,carclass_id mpg2 I(factor(same_mpg)),0.48889678136614656,0.45768437106789595,0.4389062782853167,143.17065292150562,3121.4233761150663,2709.708184665565,3150.8398003411594,35255445826.18961,268876580.8608425,0.5411681138476095,1936353.977392899
54,3,mpg mpgmpge mpg2,0.40107003838052907,0.38785834805068775,0.3644145820286989,190.4553134953901,3133.6236104721575,2731.1538405188726,3148.331822585204,41313656509.53557,303495871.40378195,0.6341611358323811,2185669.855788553
55,3,mpg mpg2 I(factor(same_mpg)),0.4008984878311432,0.3876830132980067,0.36256091707982674,190.54767385424236,3133.66370470608,2731.1926587582752,3148.3719168191265,41325489913.9827,303582801.24001,0.6343427775905542,2186295.893703776
56,3,mpg mpg2 mpg_rec,0.4007859316466932,0.38756797425654677,0.3354490109629884,190.60827249192704,3133.69000473276,2731.2181219544236,3148.3982168458065,41333253939.56228,303639836.8526369,0.6344619547270307,2186706.6440004716
57,3,mpgmpge mpg_rec I(factor(same_mpg)),0.39120502295975496,0.37777572199563203,0.3533526794153419,195.76649651175023,3135.9107750936405,2733.368700146443,3150.618987206687,41994136506.65094,308494772.182504,0.6446064462779064,2221670.1700386093
58,3,mpg2 mpg_rec I(factor(same_mpg)),0.38855523636369826,0.3750674842246623,0.3458107405439982,197.19310366497564,3136.5188043098537,2733.9576725346874,3151.2270164229003,42176916431.296974,309837498.9511395,0.6474121026737313,2231340.01302261
59,3,mpgmpge mpg2 mpg_rec,0.38836936663673244,0.3748775144301899,0.34678634421138,197.2931732639584,3136.5613556718376,2733.9988928378452,3151.269567784884,42189737559.88874,309931684.74642104,0.647608905914048,2232018.305786983
60,3,mpg mpg_rec I(factor(same_mpg)),0.3846790415669479,0.37110578513092474,0.3371262819771039,199.27999142890667,3137.4035194069925,2734.814782063565,3152.111731520039,42444292903.7713,311801683.73560023,0.651516308929114,2245485.37669671
61,3,mpg mpgmpge mpg_rec,0.3844399634979151,0.37086143328095744,0.3381809955347511,199.40870763721153,3137.457904729738,2734.8674751646536,3152.1661168427845,42460784296.514915,311922831.8022263,0.6517694504139723,2246357.8421971034
62,3,mpg mpgmpge I(factor(same_mpg)),0.2972766052602873,0.28177535390573494,0.22313943221225663,246.33621136373665,3155.998226304559,2752.862070826685,3170.7064384176056,48473235289.465675,356091133.7039705,0.7440600650185193,2564442.320913368
63,3,mpgmpge mpg2 I(factor(same_mpg)),0.2390534943268138,0.22226790964284648,-0.2005038887798909,277.6827004222658,3167.1421857501546,2763.7065751070513,3181.850397863201,52489413741.3134,385594539.6461505,0.8057080648304324,2776915.4089743355
64,4,mpg accelrate carclass_id mpg_rec,0.7572648175244986,0.7404600741223485,0.7122886197686946,0.6851458054590296,3019.1793063704667,2612.579126924978,3051.537373019169,16868609844.488436,129571815.14362706,0.2607155663625756,933610.6083431697
65,4,accelrate carclass_id mpg2 mpg_rec,0.7548788765608454,0.7379089526304423,0.7089317830087836,1.9697022489802976,3020.548703031283,2613.847003954361,3052.9067696799852,17034418141.486788,130845428.215837,0.26327824369390684,942787.4395376829
66,4,mpg accelrate carclass_id mpg2,0.7363461348890764,0.7180931749967817,0.6827050563791841,11.947464940198302,3030.752554887173,2623.312192957914,3063.1106215358755,18322330282.699844,140738188.5215723,0.2831837810450661,1014068.265209476
67,4,accelrate mpgmpge carclass_id mpg_rec,0.7208760942222215,0.7015521315145292,0.6787776160300207,20.276313274198458,3038.7351678596656,2630.7391982708205,3071.093234508368,19397403445.25584,148996081.87311566,0.29979975065020653,1073569.2981078844
68,4,accelrate carclass_id mpg_rec I(factor(same_mpg)),0.7135941294302816,0.6937660306985318,0.6696861939968578,24.196818826297203,3042.3407478390877,2634.1003103047365,3074.69881448779,19903455438.72381,152883187.92128354,0.3076211202415495,1101577.2675748686
69,4,mpg accelrate mpgmpge carclass_id,0.6635325104066331,0.6402386072809385,0.6192816610280691,51.14927752899533,3064.8935716079523,2655.2160146504552,3097.2516382566546,23382431625.36942,179606033.6981933,0.36139100734102375,1294124.7924728286
70,4,mpg accelrate carclass_id I(factor(same_mpg)),0.6627640846782226,0.6394169828482534,0.615654669320611,51.562986935822295,3065.212939590495,2655.5161663320882,3097.5710062391972,23435832511.367188,180016218.63890845,0.36221635349376097,1297080.3195804004
71,4,mpg carclass_id mpg_rec I(factor(same_mpg)),0.6529591284904008,0.6289332220012747,0.5921167117370754,56.84183492132581,3069.2253154322243,2659.289790592961,3101.5833820809266,24117216968.238667,185250095.15282515,0.3727476027325325,1334792.2450538096
72,4,mpg mpgmpge carclass_id mpg_rec,0.6528359563991518,0.6288015226114008,0.5926040371524162,56.90814901119066,3069.2749955557165,2659.3365455122444,3101.633062204419,24125776674.86965,185315844.30082834,0.3728798986823925,1335265.9908448774
73,4,mpg carclass_id mpg2 mpg_rec,0.6527632464901275,0.628723778939444,0.5859076373193355,56.9472949848622,3069.304314033872,2659.36413805006,3101.662380682574,24130829568.62263,185354656.78278965,0.3729579945106038,1335545.6484606562
74,4,accelrate mpgmpge carclass_id I(factor(same_mpg)),0.6526165938935101,0.6285669734707531,0.5937203632331058,57.026250642530925,3069.3634294037533,2659.4197741755415,3101.7214960524557,24141021026.695545,185432939.8027683,0.3731155102625262,1336109.7052180937
75,4,carclass_id mpg2 mpg_rec I(factor(same_mpg)),0.6520656961367352,0.6279779366385092,0.5907813487580569,57.322846104852545,3069.5852724576002,2659.6285701560873,3101.9433391063026,24179305049.755035,185727008.5140936,0.3737072152605438,1338228.5739564127
76,4,mpgmpge carclass_id mpg2 mpg_rec,0.6520339358011477,0.6279439775104578,0.5914698656522683,57.339945414663106,3069.5980514334115,2659.6405980310556,3101.956118082114,24181512198.731503,185743962.1517561,0.3737413282135822,1338350.7308927355
77,4,accelrate mpgmpge carclass_id mpg2,0.6519008286754842,0.6278016552760946,0.6084940224751189,57.411608384767675,3069.651595259102,2659.6909952921305,3102.0096619078045,24190762329.46014,185815014.61190993,0.37388429512633187,1338862.6889175186
78,4,accelrate carclass_id mpg2 I(factor(same_mpg)),0.6518641992349071,0.62776248995117,0.6059628041554073,57.431329150969674,3069.6663262677157,2659.7048607698393,3102.024392916418,24193307851.438522,185834567.37329733,0.3739236378588035,1339003.573456594
79,4,mpgmpge carclass_id mpg_rec I(factor(same_mpg)),0.6485644693867926,0.6242343172674167,0.5816419512110412,59.207856442653025,3070.9870367770995,2660.9482414561203,3103.345103425802,24422618884.278496,187595960.10402334,0.3774677921401117,1351695.0290562669
80,4,accelrate mpgmpge mpg2 mpg_rec,0.6327867559567987,0.6219063635407038,0.6013889796030749,67.70235138585565,3067.1353388697253,2666.7435317805193,3084.785193405381,25519073421.17108,188758159.67282015,0.3944142250834385,1360069.0866801245
81,4,mpg mpgmpge carclass_id mpg2,0.6324143334893958,0.6069660950386617,0.5629288282796131,67.90285830849211,3077.2772529339736,2666.877432687349,3109.635319582676,25544954503.739628,196216887.65849167,0.39481423440027863,1413811.851373589
82,4,mpg carclass_id mpg2 I(factor(same_mpg)),0.632369336477779,0.6069179828493176,0.5618177003308055,67.92708405510197,3077.2943896089273,2666.893602152686,3109.6524562576296,25548081520.702686,196240907.02153483,0.394862564523867,1413984.9193522837
83,4,mpg accelrate mpgmpge mpg_rec,0.6322057736230325,0.6213081669155669,0.6002188050519233,68.01514395355971,3067.3566632696543,2666.952361775298,3085.00651780531,25559448138.238853,189056801.28747615,0.39503824314563174,1362220.9047991075
84,4,accelrate mpg2 mpg_rec I(factor(same_mpg)),0.6307431185381956,0.6198021739022903,0.5973396109188513,68.80261650317371,3067.9123153228297,2667.4767106109334,3085.5621698584855,25661093716.401634,189808648.03191823,0.3966092430515677,1367638.2256545832
85,4,mpg accelrate mpg_rec I(factor(same_mpg)),0.6302642704886399,0.6193091377623774,0.5963562224290375,69.06042143502023,3068.093748087718,2667.6479422837624,3085.7436026233736,25694370725.693703,190054789.68956068,0.3971235613270165,1369411.7630745494
86,4,mpg accelrate mpg2 mpg_rec,0.6298268596599234,0.61885876661281,0.5839792826793373,69.29591716062848,3068.259275291538,2667.8041713169782,3085.9091298271937,25724768101.698807,190279631.42495248,0.3975933729578601,1371031.827045463
87,4,accelrate mpgmpge mpg_rec I(factor(same_mpg)),0.629198907006687,0.6182122079550333,0.5961906707280723,69.63399787562903,3068.49656665349,2668.028147649269,3086.1464211891457,25768406968.550438,190602417.13355452,0.3982678406224473,1373357.6118732698
88,4,mpg accelrate mpgmpge mpg2,0.6244154534264021,0.6132870224168141,0.5878174647347751,72.20934077490682,3070.2910617096773,2669.7224955234415,3087.940916245333,26100827721.620262,193061249.73107576,0.4034056240975681,1391074.367593958
89,4,mpg accelrate mpg2 I(factor(same_mpg)),0.6223372392579939,0.6111472315323048,0.5835604358571029,73.32822151911375,3071.063585471802,2670.4522028801302,3088.713440007458,26245250889.3813,194129511.53317067,0.4056377800562288,1398771.5704911936
90,4,mpg accelrate mpgmpge I(factor(same_mpg)),0.5457926493838372,0.5323346538100249,0.4557871438682425,114.53873244013701,3096.900891111878,2694.957664767522,3114.550745647534,31564631496.36787,233475630.31274495,0.4878523395506934,1682274.2276780384
91,4,mpg mpgmpge carclass_id I(factor(same_mpg)),0.53095199321430675,0.4984794388983742,0.465297663018835,122.52872917478629,3111.4020744973786,2699.2460765494334,3143.760141146081,32595966287.669804,250377390.73880005,0.5037923035846336,1804057.3702229543
92,4,accelrate mpgmpge mpg2 I(factor(same_mpg)),0.5244088146995831,0.5103172240240152,0.21226507629291846,126.05148277608646,3103.341565575617,2701.0955828562633,3120.991420111273,33050677155.629185,244467535.8260242,0.5108201619893367,1761474.7820711983
93,4,mpgmpge carclass_id mpg2 I(factor(same_mpg)),0.49227380013905175,0.45712352476406304,0.053416023337701124,143.3525143796425,3122.4952828522232,2709.838108040404,3154.8533495009256,35283864028.00715,271023774.308443,0.5453355479987964,1952821.8426753485
94,4,mpg mpgmpge mpg2 I(factor(same_mpg)),0.4091213088204707,0.391613792044781,0.3500884684632941,188.12062480035866,3133.728860313701,2730.1999069709696,3151.3787148493566,41062453350.51676,303728626.748035,0.6346474831187537,2188471.8345200666
95,4,mpg mpgmpge mpg2 mpg_rec,0.40107114496613144,0.3833251048169798,0.33057107485758386,192.45471772555027,3135.6233518073095,2732.0219290648633,3153.2732063429653,41621890478.081726,307866642.2985607,0.6432939554067477,2218287.6954090837
96,4,mpg mpg2 mpg_rec I(factor(same_mpg)),0.4008993212867555,0.3831481900656224,0.32902560665879566,192.5472251336774,3135.663509941312,2732.0605601270686,3153.3133644769678,41633831172.38026,307954964.6072827,0.6434785067660774,2218924.088781244
97,4,mpgmpge mpg2 mpg_rec I(factor(same_mpg)),0.3932337434535465,0.37525548400031816,0.2986627739934259,196.67426245311123,3137.4434664546525,2733.7732077901737,3155.0933209903083,42166541924.82344,311895291.8914888,0.6517119051795243,2247315.5360169034
98,4,mpg mpgmpge mpg_rec I(factor(same_mpg)),0.3916145729184224,0.37358833804193115,0.3318193763384957,197.5460006795547,3137.816562278214,2734.1322880891794,3155.4664168138697,42279064369.036736,312727592.0750044,0.6534510142728056,2253312.5522645707
99,5,mpg accelrate mpgmpge carclass_id mpg_rec,0.7594586840335431,0.7408120703927326,0.7128749885216462,1.503999497419585,3019.9082186097107,2613.5648641811517,3055.2079276810223,16841834881.687325,130288472.54097855,0.26208232933658737,939354.5244482951
100,5,mpg accelrate carclass_id mpg2 mpg_rec,0.7580897054085248,0.7393369693936818,0.7074831985554872,2.2410379826961844,3020.7027336147266,2614.2878754011604,3056.002442686038,16937685824.659359,131029975.65148686,0.26357390306235357,944700.617530547
101,5,mpg accelrate carclass_id mpg_rec I(factor(same_mpg)),0.7579498403459575,0.7391862620782023,0.7095855784719608,2.3163393292430783,3020.78365390122,2614.3615274951817,3056.0833629725316,16947478671.59716,131105733.13743281,0.26372629335440456,945246.8142569056
102,5,accelrate mpgmpge carclass_id mpg2 mpg_rec,0.7573558783124648,0.7385462564762217,0.7097020441255435,2.6361199813854057,3021.126776275527,2614.67386043727,3056.4264853468385,16989065749.700077,131427450.86721314,0.2643734460177623,947566.3364615223
103,5,accelrate carclass_id mpg2 mpg_rec I(factor(same_mpg)),0.7556217994106824,0.736677752853371,0.7060477645189955,3.5697232267265235,3022.1237411417255,2615.58163588083,3057.423450213037,17110479696.48213,132366709.43271574,0.26626281556746545,954338.2078782677
104,5,accelrate mpgmpge carclass_id mpg_rec I(factor(same_mpg)),0.7511983861720221,0.7319114393636517,0.6983310633205737,5.95122556255069,3024.6351758852065,2617.8701868913026,3059.934884956518,17420191128.298588,134762637.7661375,0.2710823553648118,971612.3847594629
105,5,mpg accelrate mpgmpge carclass_id mpg2,0.7387728023856293,0.7185226320279261,0.6827155829090191,12.64098191464683,3031.4580297300104,2624.100507981904,3066.757738801322,18290185663.741234,141492917.44991887,0.28462067799774726,1020136.3911313545
106,5,mpg accelrate carclass_id mpg2 I(factor(same_mpg)),0.7371299790149656,0.7167524580083737,0.6789034082226078,13.525454488990135,3032.3357143160524,2624.903348762381,3067.635423387364,18405210227.55609,142382747.73441035,0.2864106198792166,1026551.8942639534
107,5,mpg accelrate mpgmpge carclass_id I(factor(same_mpg)),0.6698302388119598,0.6442356836811041,0.5551856871429994,49.75867075127209,3064.2483302687488,2654.3063161743253,3099.5480393400603,23117295166.168198,178835447.42229703,0.35973720248846175,1289368.7629581615
108,5,mpg mpgmpge carclass_id mpg_rec I(factor(same_mpg)),0.658700869602892,0.6322435726728837,0.5983758128542224,55.750563739247184,3068.8896603839107,2658.6163192685444,3104.1893694552223,23896533434.66837,184863636.4207984,0.3718632316266998,1332830.832161488
109,5,mpgmpge carclass_id mpg2 mpg_rec I(factor(same_mpg)),0.6582757406692675,0.6317854880079705,0.5978548421041275,55.979447068438446,3069.0639386276384,2658.7783186623906,3104.36364769895,23926299428.40115,185093906.21529242,0.37232643180811154,1334491.0325543792
110,5,mpg carclass_id mpg2 mpg_rec I(factor(same_mpg)),0.6529686221441557,0.6260669649460283,0.5810638075343675,58.83672367411177,3071.221485538357,2660.784820951853,3106.5211946096683,24297884715.27113,187968490.83063218,0.3781088146787557,1355216.2280507004
111,5,mpg mpgmpge carclass_id mpg2 mpg_rec,0.6528383980504949,0.625926645961386,0.5814795646221034,58.9068344610767,3071.274010913452,2660.8336913992357,3106.5737199847636,24307002536.358284,188039026.31507865,0.3782507006315503,1355724.7751627876
112,5,accelrate mpgmpge carclass_id mpg2 I(factor(same_mpg)),0.6526305360941821,0.6257026706751265,0.2937707380077077,59.01874436136853,3071.357810404024,2660.911661967362,3106.6575194753354,24321556280.409866,188151614.1118094,0.37847717709141354,1356536.5112603416
113,5,mpg mpgmpge carclass_id mpg2 I(factor(same_mpg)),0.6384498461883567,0.6104227024820277,0.5568095369790951,66.653424711638,3076.9594650706144,2666.129732906222,3112.259174141926,25314437012.53168,195832541.6896102,0.3939277795261189,1411914.5038904846
114,5,accelrate mpgmpge mpg2 mpg_rec I(factor(same_mpg)),0.6377284537954125,0.6242108587877786,0.5784184152340008,67.04181204425879,3067.238525420558,2666.389994276562,3087.830022378823,25364946304.534424,188901517.44417343,0.3947137742229087,1361943.168306946
115,5,mpg accelrate mpgmpge mpg_rec I(factor(same_mpg)),0.6370822598182017,0.6235405530950002,0.5792030225433167,67.389713626836,3067.4880249166245,2666.6227109390675,3088.0795218748895,25410190474.842533,189238466.4100452,0.3954178363174818,1364372.5047587974
116,5,mpg accelrate mpgmpge mpg2 mpg_rec,0.6327899963077861,0.6190881304983751,0.5848578567648217,69.70060682729218,3069.1341034808956,2668.1586491311755,3089.7256004391606,25710719275.978687,191476608.20970473,0.4000944816348002,1380509.0714470418
117,5,mpg accelrate mpg2 mpg_rec I(factor(same_mpg)),0.6307706592034522,0.6169934449946258,0.5810982663997522,70.78778900343536,3069.901873169621,2668.8753930924345,3090.493370127886,25852105972.667408,192529563.7819443,0.4022946548977312,1388100.6761495622
118,5,mpg accelrate mpgmpge mpg2 I(factor(same_mpg)),0.6301251774510945,0.6163238781022548,0.554378467282451,71.13530713435219,3070.1464055989763,2669.103720101368,3090.7379025572413,25897300275.561584,192866141.36795777,0.4029979409861209,1390527.3350249298
119,5,mpg mpgmpge mpg2 mpg_rec I(factor(same_mpg)),0.40914603338699645,0.38709924358800385,0.31442570632403444,190.107313447845,3135.7230020693823,2731.074480233163,3156.3144990276473,41369462476.35008,308092678.131761,0.643766262130586,2221288.234547664
120,6,mpg accelrate mpgmpge carclass_id mpg_rec I(factor(same_mpg)),0.7633757338701219,0.7430408359995855,0.693030571337293,1.3951159651685714,3019.6096484011464,2613.6724847742867,3057.850999895067,16693089136.320536,130052830.77701159,0.2615320836172337,938332.112388251
121,6,accelrate mpgmpge carclass_id mpg2 mpg_rec I(factor(same_mpg)),0.7619692791047478,0.741513514027812,0.6990720428481128,2.15233106768153,3020.4393215271452,2614.4137367278404,3058.680673021066,16792310045.26867,130825842.88852644,0.26308658625264725,943909.4003501185
122,6,mpg accelrate mpgmpge carclass_id mpg2 mpg_rec,0.7601430478342392,0.7395303410074943,0.7080216344177529,3.1355478285439347,3021.5093370846653,2615.370241544326,3059.750688578586,16921144851.101322,131829571.50126638,0.2651050523937356,951151.3095329463
123,6,mpg accelrate carclass_id mpg2 mpg_rec I(factor(same_mpg)),0.7586931157287072,0.7379558053616431,0.7048838412697784,3.9161705083179754,3022.353087565577,2616.1249007567585,3060.5944390594977,17023432948.070942,132626479.51853374,0.26670760893142886,956901.0066272275
124,6,mpg accelrate mpgmpge carclass_id mpg2 I(factor(same_mpg)),0.7428858272457003,0.7207900780246277,0.6322110773928298,12.426588236490545,3031.236190613439,2624.0922725049613,3069.4775421073596,18138586858.386856,141314441.44123667,0.2841788225179102,1019584.7145832371
125,6,mpg mpgmpge carclass_id mpg2 mpg_rec I(factor(same_mpg)),0.6587095177779139,0.6293798669619534,0.5868272676152482,57.74590768567407,3070.88611288046,2660.136865288902,3109.127464374381,24076957677.637478,187579211.78663564,0.3772157961402005,1353385.3664259426
126,6,mpg accelrate mpgmpge mpg2 mpg_rec I(factor(same_mpg)),0.6378370619300806,0.621498884272791,0.5607963542496248,68.98333898003295,3069.1965474658973,2667.7868624398557,3092.7296868467715,25549443030.304367,191567954.9475083,0.40028535260359516,1382164.1771104494
127,7,mpg accelrate mpgmpge carclass_id mpg2 mpg_rec I(factor(same_mpg)),0.7641096240556747,0.7418207696357384,0.6911280855774786,3,3021.174763640143,2615.488813576513,3062.3577575566733,16768348461.550995,131559247.72862312,0.26448314878606166,949984.2522182399
